767587052,BV1jr4y1W7JD,2072586344,"2021年十大汉化<em class=""keyword"">Galgame</em>推荐",http://www.bilibili.com/video/av767587052,165811
755527396,BV1A64y1f7aH,38170206,"【5分钟杂谈】”<em class=""keyword"">galgame</em>不就是h油吗？“",http://www.bilibili.com/video/av755527396,102951
766161539,BV1Lr4y1Y7bP,424424317,"全年代<em class=""keyword"">galgame</em>综合评分排行top50(2022.1.22)",http://www.bilibili.com/video/av766161539,122142
711870660,BV1cD4y1m7ce,335067150,"【胆小慎入】论恐怖的<em class=""keyword"">Galgame</em>能把up吓到什么程度",http://www.bilibili.com/video/av711870660,657365
213006645,BV1Ca411i7or,83476988,"手机玩<em class=""keyword"">galgame</em> 2022年详细教学",http://www.bilibili.com/video/av213006645,13882
638076772,BV1NY4y1e7sJ,353520175,"【<em class=""keyword"">galgame</em>推荐】盘点三款你不能错过的<em class=""keyword"">galgame</em>",http://www.bilibili.com/video/av638076772,50111
82118845,BV1VJ411L7Fg,25278601,"【GAL精选】那些<em class=""keyword"">galgame</em>中的神作",http://www.bilibili.com/video/av82118845,264775
24532063,BV1DW411A7Ag,27680187,"【<em class=""keyword"">galgame</em>】强上之后再去找她，原谅了！？",http://www.bilibili.com/video/av24532063,262961
510335311,BV1zu411i7F9,2242934,"【Getchu】每年<em class=""keyword"">galgame</em>角色排行（2011-2021）",http://www.bilibili.com/video/av510335311,214049
837870891,BV17g4y1z73h,37861600,"【<em class=""keyword"">galgame</em>教程】全站最全面的gal教程，手把手教你摆脱萌新成为大佬",http://www.bilibili.com/video/av837870891,103585
248795090,BV1mv411n7tX,2661160,"【新人推荐向】10作STEAM上的新人向<em class=""keyword"">GALGAME</em>推荐",http://www.bilibili.com/video/av248795090,185363
938704206,BV1uT4y1k7RW,1779642836,"盘点史上最治愈的十个<em class=""keyword"">GALGAME</em>",http://www.bilibili.com/video/av938704206,15964
540648081,BV1Ei4y147fZ,5184450,"《三色绘恋S》无奈免费，在国内做<em class=""keyword"">Galgame</em>到底有多难？",http://www.bilibili.com/video/av540648081,236542
974903131,BV1k44y1y7pM,122356742,"都1202年了，你还不知道怎么使用手机游玩<em class=""keyword"">Galgame</em>?",http://www.bilibili.com/video/av974903131,46532
810605264,BV1F34y1v7C6,244476858,"【<em class=""keyword"">GALGAME</em>】家喵二三事，哈哈抓到你了...",http://www.bilibili.com/video/av810605264,81390
467813455,BV1Q5411S7F1,227583012,"【五部治愈心灵的废萌<em class=""keyword"">galgame</em>推荐】总有一款符合你的口味！",http://www.bilibili.com/video/av467813455,30619
767256190,BV1rr4y1B7Y8,187155,"<em class=""keyword"">Galgame</em>吧「Elite <em class=""keyword"">Galgame</em> 2021」评选结果",http://www.bilibili.com/video/av767256190,52311
641259939,BV19Y4y1t73E,275753295,"0门槛<em class=""keyword"">galgame</em>入坑推荐",http://www.bilibili.com/video/av641259939,4446
91542400,BV1W7411T7VN,28604044,"推荐新人必玩的纯爱向<em class=""keyword"">galgame</em>（第二期）",http://www.bilibili.com/video/av91542400,72555
468610189,BV1Q541117w4,1643641227,"[<em class=""keyword"">Galgame</em>]欢迎来到精灵之森/云汉化 PC",http://www.bilibili.com/video/av468610189,8068
24963480,BV1zW411F7oN,93585981,"【小梦】用手机玩<em class=""keyword"">galgame</em>全教程，萌新向",http://www.bilibili.com/video/av24963480,230002
341168077,BV1qR4y1P7CQ,2852501,"妳就是降临在我身边最美的恩典！【<em class=""keyword"">GalGame</em>推荐/杂谈】",http://www.bilibili.com/video/av341168077,3841
340340191,BV1Q94y1o78Q,15883143,"究极懒人包！让你白毛一次推个爽！【<em class=""keyword"">GalGame</em>推荐】",http://www.bilibili.com/video/av340340191,82354
68060422,BV17J411w7Ho,20530305,你能攻略女主选出正确结局吗？【万字互动视频】,http://www.bilibili.com/video/av68060422,3144265
206730493,BV1Rh41167Gw,2661160,"全年代<em class=""keyword"">galgame</em>综合评分排行（2021.7.15）",http://www.bilibili.com/video/av206730493,234136
584057002,BV1664y1F7D3,38170206,"【不正经的科普】   为啥<em class=""keyword"">galgame</em>中存在着烦人的马赛克？",http://www.bilibili.com/video/av584057002,74306
853287708,BV19L4y1G75t,7321105,"更美观、更优雅、更强大！网页端 <em class=""keyword"">Galgame</em> 引擎 WebGAL 4.0 版本现已发布。",http://www.bilibili.com/video/av853287708,123800
27636898,BV1Rs411P7Hi,1393437,"【游戏最TOP】十款优质国产<em class=""keyword"">GalGame</em>游戏！你玩过几款？",http://www.bilibili.com/video/av27636898,127995
507085091,BV1Fg411P7C9,1587578,"【月幕<em class=""keyword"">Galgame</em>】近1000次代码提交，我开发出了这个综合性<em class=""keyword"">Galgame</em>交流平台",http://www.bilibili.com/video/av507085091,77129
43608832,BV1pb41127hU,39660085,"<em class=""keyword"">Galgame</em>吧「Elite <em class=""keyword"">Galgame</em> 2018」评选结果",http://www.bilibili.com/video/av43608832,241708
637478857,BV1wb4y1W74m,364465377,"[教程]或许是世界上最全面的<em class=""keyword"">galgame</em>信息站——VNDB简单操作指南",http://www.bilibili.com/video/av637478857,46710
678635651,BV19m4y1f7yv,227583012,"【十部适合新人入坑的<em class=""keyword"">galgame</em>.下】这波更是重量级！",http://www.bilibili.com/video/av678635651,43815
425501888,BV1i3411J73u,12062295,"当朋友问我有什么好玩的<em class=""keyword"">galgame</em>时（游戏推荐）",http://www.bilibili.com/video/av425501888,10996
383638081,BV1dZ4y1C7es,227583012,"【五部沉沦其中的氛围作<em class=""keyword"">galgame</em>推荐】一段段难以忘却的时光",http://www.bilibili.com/video/av383638081,6758
637123285,BV19b4y1W7FK,11499954,"超实用【黑科技】汉化神器！<em class=""keyword"">galgame</em>等各种游戏视频实时翻译！",http://www.bilibili.com/video/av637123285,341467
896201121,BV1fA4y1D7EC,336759667,"【<em class=""keyword"">GALGAME</em>】2022五月新作导视",http://www.bilibili.com/video/av896201121,5453
849417266,BV1iL4y1p7ta,99566843,"和同学做的已经夭折的国产<em class=""keyword"">galgame</em>，当时写的主界面音乐",http://www.bilibili.com/video/av849417266,1116126
329457316,BV1XA411n762,8253012,"德国斥资439.6万欧元制作的<em class=""keyword"">galgame</em>！！（2020元首祭单品）",http://www.bilibili.com/video/av329457316,1229649
298781897,BV1KF411M7hm,1643641227,"[<em class=""keyword"">Galgame</em>]疼爱我的二人/云汉化 PC",http://www.bilibili.com/video/av298781897,196
213539418,BV1Ra411Y7DA,34848891,"「安利填坑向」15秒听歌曲猜<em class=""keyword"">Galgame</em> 经典之作你都能答对吗",http://www.bilibili.com/video/av213539418,19661
466275630,BV1P5411f7mD,11590102,"【大家选出的】<em class=""keyword"">GALGAME</em>音乐排行TOP100（2022年）",http://www.bilibili.com/video/av466275630,76685
801269067,BV19y4y1H775,3229917,"这也许是我见过宅男最理想的老婆之一（随便说说<em class=""keyword"">galgame</em>）",http://www.bilibili.com/video/av801269067,450161
