937902196,BV1WT4y1v7tR,31022423,"<em class=""keyword"">JOJO</em>真人版魔改了多少？",http://www.bilibili.com/video/av937902196,1411204
57943952,BV154411c7oH,86936310,"耗时60小时的<em class=""keyword"">JOJO</em>踩点，前方高帅！瞬间沉沦...",http://www.bilibili.com/video/av57943952,6042904
468173571,BV1c5411S7QF,7637632,"这就是<em class=""keyword"">jojo</em>吗？",http://www.bilibili.com/video/av468173571,11704481
99364360,BV157411C7ry,270626088,"【<em class=""keyword"">JOJO</em>】乔斯达先生，我会一直守护你的家人，直到永远——SPW",http://www.bilibili.com/video/av99364360,2215153
252228020,BV1RY411p7ma,19667124,"【<em class=""keyword"">JOJO</em>们的葬礼】",http://www.bilibili.com/video/av252228020,3443858
61227814,BV1Rt411w7CN,443380516,"【<em class=""keyword"">JOJO</em>】历代主角处刑曲",http://www.bilibili.com/video/av61227814,8880019
60738739,BV18t411j7ah,9068441,"【<em class=""keyword"">JOJO</em>の奇妙Rap】JO大侠-JO杰伦",http://www.bilibili.com/video/av60738739,8824243
937604635,BV1CT4y1i7wb,695066268,"【<em class=""keyword"">JOJO</em>】这一秒可否停止！",http://www.bilibili.com/video/av937604635,380370
374957981,BV1MZ4y1c7r5,487695723,"前方High到不行！给我44秒 让你感受<em class=""keyword"">JOJO</em>的视听盛宴!",http://www.bilibili.com/video/av374957981,3371269
416667307,BV18V411i7a5,404888281,"【名梗盘点】砸瓦鲁多是无敌哒！<em class=""keyword"">JOJO</em>破圈名梗盘点TOP10！",http://www.bilibili.com/video/av416667307,1888611
36113706,BV1Et411m7B6,3586520,"【<em class=""keyword"">JOJO</em> 黄金之风】黑帮摇／护卫组之舞 原版",http://www.bilibili.com/video/av36113706,8249164
894988191,BV1VP4y1T7C9,605115168,"「<em class=""keyword"">JOJO</em>」让没看过<em class=""keyword"">JOJO</em>朋友猜正反派（12）",http://www.bilibili.com/video/av894988191,132699
90323044,BV1f7411A7uk,13745285,"【葛平 × <em class=""keyword"">JOJO</em>吻】不 肖 子 孙",http://www.bilibili.com/video/av90323044,3205510
767219697,BV18r4y1B7BG,605115168,"「<em class=""keyword"">JOJO</em>」让没看过<em class=""keyword"">jojo</em>的朋友猜正反派（11）",http://www.bilibili.com/video/av767219697,303452
54943937,BV1G4411T7UG,3381408,"【<em class=""keyword"">JOJO</em>/吉良吉影】遇事不决 · 败者食尘",http://www.bilibili.com/video/av54943937,18968122
625634833,BV1Jt4y117tj,387016113,"【<em class=""keyword"">JOJO</em>/60帧】时 间 管 理 三 兄 贵",http://www.bilibili.com/video/av625634833,3679005
797770867,BV1Py4y167GZ,19308863,"测测你对DIO的熟悉程度吧！<em class=""keyword"">JOJO</em>！",http://www.bilibili.com/video/av797770867,1247498
341306376,BV1JR4y1N7of,19600449,"触之即死!见人就杀<em class=""keyword"">JOJO</em>替身百科之《紫烟》",http://www.bilibili.com/video/av341306376,12228
76672564,BV1EJ411d7Ax,237719506,"家长会上放N首<em class=""keyword"">jojo</em>处刑曲是什么黄金体验",http://www.bilibili.com/video/av76672564,1778436
78449644,BV1wJ411v7gy,320491072,"【钢琴】<em class=""keyword"">JOJO</em> 黄金之风处刑曲 il vento d’oro",http://www.bilibili.com/video/av78449644,9770365
64873789,BV1C441197WM,32395968,"【<em class=""keyword"">JOJO</em>&amp;小埋】用<em class=""keyword"">JOJO</em>的方式打开小埋",http://www.bilibili.com/video/av64873789,6707212
77431368,BV1JJ411Q7vX,27501480,"【<em class=""keyword"">jojo</em>】用31个替身名唱一首稻香",http://www.bilibili.com/video/av77431368,3448074
596093725,BV1rB4y1m7cG,283190580,"【<em class=""keyword"">JOJO</em>/踩点/致郁】还能听你说一声<em class=""keyword"">JOJO</em>吗...！",http://www.bilibili.com/video/av596093725,49563
883839561,BV1RK4y1s7wC,33114953,"【4K60帧】《<em class=""keyword"">JOJO</em>的奇妙冒险》1 - 6部OP合集 AI修复补帧高清收藏版",http://www.bilibili.com/video/av883839561,3692440
936882223,BV1ST4y1Q7XK,77253552,"<em class=""keyword"">JOJO</em> 暴 力 美 学",http://www.bilibili.com/video/av936882223,259473
895072042,BV1DP4y1T7k3,605115168,"「<em class=""keyword"">JOJO</em>」让没看过<em class=""keyword"">jojo</em>的朋友猜正反派（13）",http://www.bilibili.com/video/av895072042,444362
67530567,BV11J411P7ev,24318342,"【<em class=""keyword"">JOJO</em>的奇妙物语】DIO的恋爱循环",http://www.bilibili.com/video/av67530567,2746240
546249155,BV1Uq4y1L7CF,24712675,"真·电音 <em class=""keyword"">JOJO</em>",http://www.bilibili.com/video/av546249155,4073739
96496853,BV1d7411Z7UF,162748620,"【<em class=""keyword"">JOJO</em>】JO等了，迟来的国内暴火，<em class=""keyword"">JOJO</em>实至名归！我告诉你<em class=""keyword"">JOJO</em>讲了啥，凭啥当年小众的<em class=""keyword"">JOJO</em>现在这么神！",http://www.bilibili.com/video/av96496853,1367467
54543585,BV1D4411T7wC,9068441,"【<em class=""keyword"">JOJO</em>】DIO不仅嗨到不行，甚至还唱起了High歌！",http://www.bilibili.com/video/av54543585,4260893
798042412,BV18y4y1S7dW,495778095,"【<em class=""keyword"">JOJO</em>】历代<em class=""keyword"">JOJO</em>处刑曲1~8部 第二弹",http://www.bilibili.com/video/av798042412,1674456
682957009,BV1HS4y1P7Pm,2061838341,"《<em class=""keyword"">JOJO</em>的奇妙冒险 The Animation》10周年纪念项目PV 官中字幕",http://www.bilibili.com/video/av682957009,530082
296947986,BV17F411b76U,142641330,"【<em class=""keyword"">jojo</em>】白板替身却能得到两个时间系boss的认可——波鲁纳雷夫",http://www.bilibili.com/video/av296947986,678813
638658820,BV1iY4y1k7EW,7596516,"八部<em class=""keyword"">JOJO</em>的巅峰，荒木的集大成之作！简评<em class=""keyword"">JOJO</em>第七部飆马野郎",http://www.bilibili.com/video/av638658820,677070
78621420,BV1RJ411v75W,8393877,"看<em class=""keyword"">JOJO</em>前与看<em class=""keyword"">JOJO</em>后的区别",http://www.bilibili.com/video/av78621420,3944701
594667524,BV1Wq4y1i7CT,1235961604,"网易最强<em class=""keyword"">JOJO</em>模组：第一附属包更新四款替身技能特效炫酷",http://www.bilibili.com/video/av594667524,222752
57007324,BV1Lx411d7ha,24314825,"【<em class=""keyword"">jojo</em>】青春jo炼手册",http://www.bilibili.com/video/av57007324,2186384
594365423,BV1mq4y1x75M,527324956,"【<em class=""keyword"">JOJO</em>】戴好耳机，感受<em class=""keyword"">JOJO</em>的视听盛宴吧，我将用44秒收下你的点赞",http://www.bilibili.com/video/av594365423,499457
93936584,BV14E411W7jJ,270626088,"[<em class=""keyword"">JOJO</em>] 老东西，我的泪点有点低",http://www.bilibili.com/video/av93936584,1596565
90114195,BV1n7411j775,319280989,JO JO 历 代 反 派,http://www.bilibili.com/video/av90114195,5722245
895582711,BV1nA4y197Xh,924017,"小鸡恰恰舞，但是<em class=""keyword"">JOJO</em>荒木庄",http://www.bilibili.com/video/av895582711,159791
895399853,BV1DP4y1K7Vj,224267770,"【十周年企划】<em class=""keyword"">JOJO</em>的奇妙冒险 The Animation 10周年纪念企划PV【MCE汉化组】",http://www.bilibili.com/video/av895399853,321485
