811156504,BV1t34y1a7ie,300658976,"【<em class=""keyword"">原神</em>】女朋友的<em class=""keyword"">原神</em>初体验",http://www.bilibili.com/video/av811156504,5599
256322419,BV1eY411A7op,99457168,"【<em class=""keyword"">原神</em>】夜兰何时来",http://www.bilibili.com/video/av256322419,11213
298440333,BV19F411M7HP,300658976,"【<em class=""keyword"">原神</em>】女朋友入坑第一天",http://www.bilibili.com/video/av298440333,21923
468860293,BV1H5411d7rg,1096491180,"【<em class=""keyword"">原神</em>】米哈游公布2.7延期补偿方案后微博推特评论对比 我果然还是更喜欢B站的沙雕网友们",http://www.bilibili.com/video/av468860293,1367
683567515,BV1oS4y1c7M1,1315989727,"【<em class=""keyword"">原神</em>/莫娜/60帧无水印】这个莫娜好奇怪哦（doge）",http://www.bilibili.com/video/av683567515,63025
768829866,BV1qr4y187i3,890480,"【<em class=""keyword"">原神</em>】达/迪/钟/绫 出浴成男组",http://www.bilibili.com/video/av768829866,23355
426061854,BV1H3411K75N,300658976,"【<em class=""keyword"">原神</em>】女朋友第一次玩<em class=""keyword"">原神</em>的震惊过程",http://www.bilibili.com/video/av426061854,11367
627038533,BV1Dt4y1S7tG,23084818,"<em class=""keyword"">原神</em>剧情合集(更新到2.6）层岩巨渊，<em class=""keyword"">神</em>里绫人，光华荣彩祭（堇庭华彩真说）",http://www.bilibili.com/video/av627038533,15161577
341255551,BV1LR4y1N71s,6094118,"<em class=""keyword"">原神</em>2.7延迟补偿引发外网热议！外国网友纷纷送来感谢和祝福！【<em class=""keyword"">原神</em>外网日报#114】",http://www.bilibili.com/video/av341255551,34300
935826118,BV1sT4y127SN,11742550,"2022<em class=""keyword"">原神</em>新春会",http://www.bilibili.com/video/av935826118,9313788
638792222,BV1EY4y1C7gu,259442091,"<em class=""keyword"">原神</em>代肝代练 全程直播！已接百单！诚信可靠不含糊",http://www.bilibili.com/video/av638792222,127
256326208,BV1iY411A7NH,574115689,"【<em class=""keyword"">原神</em>】官方怂了？调查玩家是否满意福利！新地图说明：须弥很危险！翘英庄即将上线！部分玩家将错过立本<em class=""keyword"">原</em>石！",http://www.bilibili.com/video/av256326208,51773
638791070,BV1LY4y1C7Ro,321048269,"<em class=""keyword"">原</em> <em class=""keyword"">神</em> 0.0 P V 录 制 事 故",http://www.bilibili.com/video/av638791070,57706
726373672,BV1CS4y1h7St,1425371598,"<em class=""keyword"">原神</em>退坑啦!在这里送出我的账号，有满命神里绫华等!",http://www.bilibili.com/video/av726373672,4000
768121945,BV12r4y1n7qK,890480,"【<em class=""keyword"">原神</em>】魈/散/叶/贝 刚出浴的少年们",http://www.bilibili.com/video/av768121945,252818
468822845,BV135411d7Vs,22785526,"【<em class=""keyword"">原神</em>】我是心海的小↑猫↓咪～",http://www.bilibili.com/video/av468822845,1145
638868815,BV1UY4y167br,691996358,"【<em class=""keyword"">原神</em>配音】稻 妻 奶 爸",http://www.bilibili.com/video/av638868815,671
468789301,BV1c5411d7Ln,1073575719,"《<em class=""keyword"">原神</em>》中10个将来会死掉的角色",http://www.bilibili.com/video/av468789301,726
811287805,BV1M34y1Y7hC,7146841,"【<em class=""keyword"">原神</em>】2.6立本对话留档，须弥奇怪的家伙是谁？",http://www.bilibili.com/video/av811287805,12859
553785045,BV1av4y1K7tq,431073645,"【<em class=""keyword"">原神</em>】立本自助！领UID进世界自取！摩拉、经验书全都有！",http://www.bilibili.com/video/av553785045,370028
938847572,BV1pT4y167sa,2957050,"【<em class=""keyword"">原神</em>】官方大饼！层岩只是前菜，璃月还有3个DLC在等你",http://www.bilibili.com/video/av938847572,19801
726326075,BV1ES4y1h7E9,1455781612,"[<em class=""keyword"">原神</em>］ “现实版” 钟离元素爆发",http://www.bilibili.com/video/av726326075,285347
256281340,BV1HY411A7za,45280964,"【<em class=""keyword"">原神</em>】萌新妹子开荒，男人的嘴，_________（填空题 10分）",http://www.bilibili.com/video/av256281340,1148
635286857,BV17b4y1e7yr,147646203,"【Vox/<em class=""keyword"">原神</em>/切熟】她是我喜欢的那种女人！",http://www.bilibili.com/video/av635286857,331262
298767248,BV19F411T77u,494583241,"【<em class=""keyword"">原神</em> 胡桃】Sayako(さやこ)",http://www.bilibili.com/video/av298767248,925
981339733,BV1z44y1u7Zh,1438375628,"【看透<em class=""keyword"">原神</em>】用通货膨胀理论 预测数值膨胀",http://www.bilibili.com/video/av981339733,346818
547222415,BV1zq4y1n7ad,34606338,"<em class=""keyword"">原</em>♂<em class=""keyword"">神</em>",http://www.bilibili.com/video/av547222415,1951537
593062440,BV17q4y1y7r6,147646203,"【Vox/<em class=""keyword"">原神</em>/切熟】Vox无法忘记的丽莎爬山",http://www.bilibili.com/video/av593062440,124404
853857331,BV1h54y1f7K1,487387577,"【<em class=""keyword"">原神</em>】绫华卡池到六月才结束！2.7补偿十连抽！",http://www.bilibili.com/video/av853857331,51698
426268648,BV1Y3411P7W2,433207796,"【<em class=""keyword"">原神</em>/熟肉】油管主『ネタ勢のトリゥウ』阐述海外<em class=""keyword"">原神</em>粉丝再次网暴画师使其几近引退事件",http://www.bilibili.com/video/av426268648,678
298852346,BV1aF411j7c3,298666123,"【<em class=""keyword"">原神</em>】猜猜我是谁！是时候表演真正的技术了~",http://www.bilibili.com/video/av298852346,245
811367573,BV1D34y187G4,1760326322,"[<em class=""keyword"">原神</em>]须弥上线时间 公子复刻时间爆出 燃烧反应最新测试 须弥双男五",http://www.bilibili.com/video/av811367573,5787
468844113,BV1T5411d7u9,28822227,"【<em class=""keyword"">原神</em>手书】反 向 骗 氪",http://www.bilibili.com/video/av468844113,36369
596368029,BV1VB4y127X1,382754474,"【<em class=""keyword"">原神</em>/安柏】安 柏 也 可 以 伟 大 ！",http://www.bilibili.com/video/av596368029,466
641363750,BV1sY4y1b7h7,16058,"硬核解析<em class=""keyword"">原神</em>移速背后的秘密-<em class=""keyword"">原神</em>终极揭秘#2",http://www.bilibili.com/video/av641363750,2828
383234740,BV1xZ4y1m77c,248551504,"【<em class=""keyword"">原神</em>】钟离，你又在揣手哦，去休息一下好不好",http://www.bilibili.com/video/av383234740,105137
213533749,BV19a411Y7UM,2457881,"【<em class=""keyword"">原神</em>手书】迪卢克中心-Lotus Eater 食莲者",http://www.bilibili.com/video/av213533749,34861
553866315,BV12v4y1K7Zb,326924963,"【<em class=""keyword"">原神</em>/熟肉】手柄玩<em class=""keyword"">原神</em>小姐姐又来分享她的战利品了 这次是这些",http://www.bilibili.com/video/av553866315,860
256140262,BV18Y411w7Ge,572585494,"【艺术咸不闲·第23期】美术生眼中的《<em class=""keyword"">原神</em>》|从阿尔丰斯·穆夏到《<em class=""keyword"">原神</em>》美学",http://www.bilibili.com/video/av256140262,104526
553829404,BV1iv4y1K7cD,2053296940,"【<em class=""keyword"">原神</em>】萌新！救命啊！这个宝箱会走位吗？",http://www.bilibili.com/video/av553829404,349
553513326,BV1si4y1m73W,484271650,"<em class=""keyword"">原神</em> 福利帐号免费送",http://www.bilibili.com/video/av553513326,10266
553662699,BV19v4y1N78K,13502407,"【<em class=""keyword"">原神</em> | 魈】「如遇劫难，便呼我名」",http://www.bilibili.com/video/av553662699,12677
