936107377,BV1fT4y1y7Pd,648956087,"ã€<em class=""keyword"">æˆ¿ä¸œçš„çŒ«</em>ã€‘æˆ‘ä»¬<em class=""keyword"">çš„</em>æ‘æ™šæ­Œæ›²ä¸²çƒ§",http://www.bilibili.com/video/av936107377,394511
641765237,BV1hY4y1574w,648956087,"ã€<em class=""keyword"">æˆ¿ä¸œçš„çŒ«</em>ã€‘ç»å…¸å’æµä¼ ç¬¬äº”å­£ã€Šé»„é¹¤æ¥¼ã€‹",http://www.bilibili.com/video/av641765237,49478
981825279,BV1Qt4y1W7QY,648956087,"ã€<em class=""keyword"">æˆ¿ä¸œçš„çŒ«</em>ã€‘ä¸å®šæœŸã€Œæ¸¸æˆæŒ‘æˆ˜ã€EP01-ä½ æ¯”æˆ‘çŒœğŸ§",http://www.bilibili.com/video/av981825279,12029
754497782,BV1xk4y1y79f,648956087,"å¤§å®¶å¥½ï¼Œæˆ‘ä»¬æ˜¯<em class=""keyword"">æˆ¿ä¸œçš„çŒ«</em>ï¼Œæ‚„æ‚„<em class=""keyword"">çš„</em>æ¥åˆ°Bç«™å•¦ï¼",http://www.bilibili.com/video/av754497782,335272
641675589,BV1hY4y1t79K,504672822,"ã€å¤©èµ<em class=""keyword"">çš„</em>å£°éŸ³ã€‘<em class=""keyword"">æˆ¿ä¸œçš„çŒ«</em> å­Ÿæ…§åœ†ã€Šå‡¤å‡°èŠ±å¼€<em class=""keyword"">çš„</em>è·¯å£ã€‹",http://www.bilibili.com/video/av641675589,236355
511393339,BV1Au411k7oK,229733301,"ã€4K60FPSã€‘<em class=""keyword"">æˆ¿ä¸œçš„çŒ«</em>ã€Šäº‘çƒŸæˆé›¨ã€‹å¤§åˆå”±ç°åœºï¼æ¢¦å›2019ï¼",http://www.bilibili.com/video/av511393339,1036694
589170592,BV1SB4y1N7Dk,352879559,"ã€ŠNew Boyã€‹<em class=""keyword"">æˆ¿ä¸œçš„çŒ«</em>/é™ˆå©§éœã€1080Pã€‘çº¯äº«",http://www.bilibili.com/video/av589170592,3557234
722433114,BV16S4y1Q7xy,166369846,"â€œå¥¹æ‰‹è¶³æ— æª<em class=""keyword"">çš„</em>æ ·å­å¤ªæ‹›äººå–œæ¬¢äº†â€",http://www.bilibili.com/video/av722433114,1070954
717950886,BV1hQ4y1y77X,2057655323,"<em class=""keyword"">æˆ¿ä¸œçš„çŒ«</em>ã€Šäº‘çƒŸæˆé›¨ã€‹+ã€Šä»Šå¤©æ˜¯æ˜ŸæœŸå‡ ã€‹+ã€ŠNew Boyã€‹",http://www.bilibili.com/video/av717950886,1551587
332374379,BV1EA411K77m,261125437,"æ»¡è¶³äº†æˆ‘å¯¹è€å©†<em class=""keyword"">çš„</em>æ‰€æœ‰å¹»æƒ³",http://www.bilibili.com/video/av332374379,861099
896719173,BV1fA4y1f7DM,1752712678,"ã€<em class=""keyword"">æˆ¿ä¸œçš„çŒ«</em>ã€‘ç²¾é€‰20é¦–å¥½å¬<em class=""keyword"">çš„</em>æ­Œæ›²ã€‚",http://www.bilibili.com/video/av896719173,410
852986032,BV1rL4y1j7f7,1082846511,"å¤§å®¶å…‹åˆ¶ä¸€ç‚¹ï¼Œä½†æ˜¯å…‹åˆ¶ä¸äº†ï¼ã€<em class=""keyword"">æˆ¿ä¸œçš„çŒ«</em>ã€‘",http://www.bilibili.com/video/av852986032,202780
811014592,BV1v34y1e7ET,504672822,"ã€å¤©èµ<em class=""keyword"">çš„</em>å£°éŸ³ã€‘èƒ¡æµ·æ³‰ <em class=""keyword"">æˆ¿ä¸œçš„çŒ«</em>ã€Šè·¯è¿‡äººé—´ã€‹",http://www.bilibili.com/video/av811014592,339548
853532109,BV1oL4y1V7Vj,504672822,"ã€å¤©èµ<em class=""keyword"">çš„</em>å£°éŸ³ã€‘<em class=""keyword"">æˆ¿ä¸œçš„çŒ«</em> æˆ´ç¾½å½¤ã€Šç¬¬ä¸€æ¬¡ã€‹",http://www.bilibili.com/video/av853532109,191201
383484109,BV1cZ4y127aP,631043672,"â€œä»€ä¹ˆï¼Ÿä½©å²­å å°é»‘ä¾¿å®œâ€ã€<em class=""keyword"">æˆ¿ä¸œçš„çŒ«</em>ã€‘ä¸¤å°åªèŠå¤©æ—¥å¸¸",http://www.bilibili.com/video/av383484109,22953
287384986,BV1jf4y1B758,354496361,"<em class=""keyword"">æˆ¿ä¸œçš„çŒ«</em>ç¿»å”±é¹¿å…ˆæ£®ä¹é˜Ÿæ­Œæ›²ã€Šæ˜¥é£åé‡Œã€‹ï¼ŒçœŸæ˜¯å¥½å¬å•Šï¼",http://www.bilibili.com/video/av287384986,495963
678995146,BV1pm4y1d7ty,41147700,"åšäº†<em class=""keyword"">æˆ¿ä¸œçš„çŒ«</em>åŒæ¬¾å·å‘ï¼Œç»“æœå¤ªæƒŠå–œäº†",http://www.bilibili.com/video/av678995146,395977
981764462,BV1Ct4y1W7FB,447498580,"æ°‘æ‘‡ç•Œâ€œå›½æ°‘åˆæ‹å¥³ç¥â€<em class=""keyword"">æˆ¿ä¸œçš„çŒ«</em>   5é¦–ç»å…¸æ­Œæ›²",http://www.bilibili.com/video/av981764462,96
767420426,BV1Sr4y1i7Zu,631043672,"ã€<em class=""keyword"">æˆ¿ä¸œçš„çŒ«</em>ã€‘å½“çŸ¥é“ç›´æ’­è¿˜æ²¡ç»“æŸåâ€¦â€¦",http://www.bilibili.com/video/av767420426,14866
379707819,BV1HZ4y197mj,386250868,"ç›´æ’­å›æ”¾ ç²¾å‰ªç‰ˆ | <em class=""keyword"">æˆ¿ä¸œçš„çŒ«</em>12.8é•¿æ²™ä¸“åœº åå°é—²èŠ",http://www.bilibili.com/video/av379707819,34827
94383539,BV12E411u735,447241968,"ã€Šå°å¹¸è¿ã€‹<em class=""keyword"">æˆ¿ä¸œçš„çŒ«</em>",http://www.bilibili.com/video/av94383539,68038
764765229,BV1Kr4y1D7mC,457166538,"ã€Šä½ æ˜¯æˆ‘ä¸ºæ•°ä¸å¤š<em class=""keyword"">çš„</em>éª„å‚²ã€‹-<em class=""keyword"">æˆ¿ä¸œçš„çŒ«</em>",http://www.bilibili.com/video/av764765229,73118
583008530,BV1Ez4y1R75V,234370720,"ã€<em class=""keyword"">æˆ¿ä¸œçš„çŒ«</em>ã€‘å°é»‘å“¥å“¥<em class=""keyword"">çš„</em>æ‹©å¶æ ‡å‡†ï¼Œæ¥çœ‹çœ‹<em class=""keyword"">çš„</em>ä½ <em class=""keyword"">çš„</em>å¥‹æ–—ç›®æ ‡å§",http://www.bilibili.com/video/av583008530,301482
244177627,BV11v411v7WC,430912322,"<em class=""keyword"">æˆ¿ä¸œçš„çŒ«</em>2020å¤®è§†å”±è¿‡å¤å¤©CCTVç›´æ’­ã€Šäº‘çƒŸæˆé›¨ã€‹",http://www.bilibili.com/video/av244177627,355070
71366434,BV1ME411C7EH,195572616,"<em class=""keyword"">æˆ¿ä¸œçš„çŒ«</em> ä¸­å—è´¢ç»æ”¿æ³•å¤§å­¦æ ¡åº†ç°åœº ä¸‹ä¸€ç«™ï¼ŒèŒ¶å±±åˆ˜",http://www.bilibili.com/video/av71366434,61071
811315014,BV1x34y1Y7VW,499033723,"ã€<em class=""keyword"">æˆ¿ä¸œçš„çŒ«</em>ã€‘å°é»‘Ã—ä½©å²­æŠ±æŠ±å‹¾è‚©ä¾åå¤ªç”œäº†ï¼Œç£•åˆ°äº†ç£•åˆ°äº†",http://www.bilibili.com/video/av811315014,2486
629937023,BV1Xb4y1S76w,386098536,"ã€<em class=""keyword"">æˆ¿ä¸œçš„çŒ«</em>ã€‘ã€Šä¿®ç‚¼çˆ±æƒ…ã€‹ç°åœºç¿»å”±",http://www.bilibili.com/video/av629937023,63496
77614998,BV1BJ411B7EV,107639639,"<em class=""keyword"">æˆ¿ä¸œçš„çŒ«</em>â€¦ç¿»è½¦äº†â€¦å˜¿å˜¿",http://www.bilibili.com/video/av77614998,291867
926815424,BV1nT4y1L71y,234370720,"ã€<em class=""keyword"">æˆ¿ä¸œçš„çŒ«</em>ã€‘2013ä¸­å—è´¢å¤§å¾®å£°éŸ³å† å†›æ›²ç›®ã€Šå—æ–¹å§‘å¨˜ã€‹",http://www.bilibili.com/video/av926815424,146460
896149385,BV1XA4y1D7PK,94022891,"æ°¸è¿œå¯ä»¥ç›¸ä¿¡<em class=""keyword"">æˆ¿ä¸œçš„çŒ«</em>ï¼",http://www.bilibili.com/video/av896149385,24259
212046456,BV1Sa411h7rX,631043672,"ã€<em class=""keyword"">æˆ¿ä¸œçš„çŒ«</em>ã€‘å°é»‘ä½©å²­æ„è§åˆ†æ­§æ€ä¹ˆåŠï¼Ÿ",http://www.bilibili.com/video/av212046456,12961
297125693,BV1nF4114771,631043672,"å¤§å®¶å¥½ï¼Œè¿™æ˜¯æˆ‘<em class=""keyword"">çš„</em>æœ‹å‹ç‹å¿ƒæ€¡ï¼ï¼ï¼ã€<em class=""keyword"">æˆ¿ä¸œçš„çŒ«</em>ã€‘",http://www.bilibili.com/video/av297125693,14534
372419340,BV1uZ4y1L72k,504030443,"<em class=""keyword"">æˆ¿ä¸œçš„çŒ«</em>ã€Šååœºé¢ã€‹æ¯•ä¸š4å¹´å•¦",http://www.bilibili.com/video/av372419340,138489
414279732,BV1xV411U7dT,234370720,"ã€<em class=""keyword"">æˆ¿ä¸œçš„çŒ«</em>ã€‘13å¹´å‰åæ‹›æ–°å¤§ä¼šä¸Šè¡¨æ¼”<em class=""keyword"">çš„</em>ç¿»å”±é©¬é ”ã€Šå—å±±å—ã€‹",http://www.bilibili.com/video/av414279732,37779
334140022,BV1Yw411d73a,353744082,"<em class=""keyword"">æˆ¿ä¸œçš„çŒ«</em>-ã€Šæƒ³å»æµ·è¾¹ã€‹ï¼ˆcoverå¤æ—¥å…¥ä¾µä¼ç”»ï¼‰ï¼ˆä»Šå¤©æ˜¯é®çœ¼å°é»‘ï¼‰",http://www.bilibili.com/video/av334140022,109955
844279088,BV1154y1Y7wT,478912753,"<em class=""keyword"">æˆ¿ä¸œçš„çŒ«</em>xè°¢æ˜¥èŠ±ã€Šé‚£äº›èŠ±å„¿ã€‹LIVE",http://www.bilibili.com/video/av844279088,625146
848049292,BV1wL4y187Fo,396343100,"<em class=""keyword"">æˆ¿ä¸œçš„çŒ«</em>~new boy",http://www.bilibili.com/video/av848049292,442085
379801155,BV1UZ4y1971P,11087265,"ã€<em class=""keyword"">æˆ¿ä¸œçš„çŒ«</em>ã€‘å…«æœˆåäº”â€”â€”é•¿æ²™ç«™ï¼ˆç”·å¦ˆå¦ˆä»¬<em class=""keyword"">çš„</em>è®¤äº²ç°åœºï¼ï¼‰",http://www.bilibili.com/video/av379801155,26459
24063159,BV1Gp411d74M,20481799,"ã€é«˜æ¸…å®Œæ•´+å­—å¹•ã€‘<em class=""keyword"">æˆ¿ä¸œçš„çŒ«</em>ç¿»å”±ç‰ˆã€Šæˆ‘å¯ä»¥ã€‹ å–œæ¬¢å°é»‘çœŸçš„å¤ªå¥½äº†",http://www.bilibili.com/video/av24063159,487862
50791413,BV1N4411872Y,71559904,"è¿™ä¸ªç°åœºç‰ˆ<em class=""keyword"">çš„</em>ã€Šäº‘çƒŸæˆé›¨ã€‹æœ€å¥½å¬å•¦ï¼Œä¸æ¥å—åé©³ã€‚æ¼”å”±è€…:<em class=""keyword"">æˆ¿ä¸œçš„çŒ«</em>",http://www.bilibili.com/video/av50791413,546911
214361759,BV1Ja411E79j,420518575,"ã€<em class=""keyword"">æˆ¿ä¸œçš„çŒ«</em>ã€‘è®©æˆ‘æ¥è®²ä¸€ä¸ªæ•…äº‹å§",http://www.bilibili.com/video/av214361759,4369
593373371,BV1Hq4y1C7dF,90681612,"4Kâ€”<em class=""keyword"">æˆ¿ä¸œçš„çŒ«</em>ã€Šä¸‹ä¸€ç«™èŒ¶å±±åˆ˜ã€‹",http://www.bilibili.com/video/av593373371,9676
