91849600,BV147411K7xu,14229967,"高中<em class=""keyword"">数学</em>基础与解法全集（涵盖所有）|长期更新|从零开始拯救所有学渣！通俗易懂|竞赛国一保送生主讲|<em class=""keyword"">数学</em>有救了|干货满满|包含必修一必修二必修三必修四必修五",http://www.bilibili.com/video/av91849600,27798482
298835897,BV1GF411M7Qh,19258120,"有这本事为什么要学<em class=""keyword"">数学</em>捏",http://www.bilibili.com/video/av298835897,108
256263419,BV1TY411A73m,1016552127,"2023考研<em class=""keyword"">数学</em>汤家凤-零基础班【全套版】",http://www.bilibili.com/video/av256263419,287
341303925,BV1HR4y1N7cM,524899324,"2023<em class=""keyword"">数学</em>专业考研冲刺985、211刷题班",http://www.bilibili.com/video/av341303925,317
86478090,BV1e7411s7W6,503159337,"看完这个视频你会爱上<em class=""keyword"">数学</em>的！！！",http://www.bilibili.com/video/av86478090,14293829
852600873,BV1sL4y177sC,382189062,"谈恋爱？不如做<em class=""keyword"">数学</em>题",http://www.bilibili.com/video/av852600873,9411221
725877270,BV1XS4y1h7CV,345372096,"高考最后30天，<em class=""keyword"">数学</em>轻松上130，不用刷题！这样做！",http://www.bilibili.com/video/av725877270,343184
853763736,BV1CL4y1c7AR,222103174,"被<em class=""keyword"">数学</em>选中的人",http://www.bilibili.com/video/av853763736,112535
34904005,BV1qb411A7Zz,351583506,"初中<em class=""keyword"">数学</em>-初一、初二、初三<em class=""keyword"">数学</em>【初中<em class=""keyword"">数学</em>总复习】【中考<em class=""keyword"">数学</em>总复习】-【基础篇+提高篇-】七年级<em class=""keyword"">数学</em>-八年级<em class=""keyword"">数学</em>-九年级<em class=""keyword"">数学</em>-初一<em class=""keyword"">数学</em>-初二<em class=""keyword"">数学</em>-初三<em class=""keyword"">数学</em>",http://www.bilibili.com/video/av34904005,7380149
93437342,BV1sE41147CD,337215840,"高职高考-中职<em class=""keyword"">数学</em>-成人自考-入门篇  从零开始学高中<em class=""keyword"">数学</em> 职高<em class=""keyword"">数学</em>",http://www.bilibili.com/video/av93437342,2792279
338304759,BV1dR4y1M7jP,480862944,"《被<em class=""keyword"">数学</em>选中的人》纪录片全集",http://www.bilibili.com/video/av338304759,86509
339642107,BV1TR4y1V7gr,2141371592,"【高考<em class=""keyword"">数学</em>】从不及格到135，我到底做了什么努力？｜这里有你想知道的一切！｜纯干货总结！",http://www.bilibili.com/video/av339642107,86822
725967279,BV1gS4y1a7zZ,515468594,"【北大|南开|北航|上交|浙大】<em class=""keyword"">数学</em>通识（全45讲）丘维声 顾沛 李尚志 王维克 蔡天新",http://www.bilibili.com/video/av725967279,31412
768681179,BV1wr4y187kK,23205828,"【这才是<em class=""keyword"">数学</em>思维】学了这么多年<em class=""keyword"">数学</em>，你有几种<em class=""keyword"">数学</em>思维呢【高中<em class=""keyword"">数学</em>奥赛】",http://www.bilibili.com/video/av768681179,38026
40452352,BV1Ct411p7Zi,71944319,"【生僻字】<em class=""keyword"">数学</em>版",http://www.bilibili.com/video/av40452352,2618381
811146179,BV1e34y1a7eE,334597112,"为什么中国人的<em class=""keyword"">数学</em>那么好？",http://www.bilibili.com/video/av811146179,236788
638655305,BV1vY4y1k7Vj,386147509,"诚 | 这个视频会让你爱上<em class=""keyword"">数学</em>",http://www.bilibili.com/video/av638655305,104862
631637050,BV1tb4y1k7nN,512415498,"免费b站资源=万元补习班！<em class=""keyword"">数学</em>60到140，最全网课老师推荐和实操技巧",http://www.bilibili.com/video/av631637050,455948
981362690,BV1q44y1u7kW,1290328552,"2023陈剑<em class=""keyword"">数学</em>高分指南管理类联考管理综合【全程更新】",http://www.bilibili.com/video/av981362690,407
468758929,BV1X5411R7H9,1451748374,"【搬运】德普诉妻案：学好<em class=""keyword"">数学</em>的重要性",http://www.bilibili.com/video/av468758929,10309
511348026,BV1Su411r7tX,1292160012,"初二竞赛生刷高考理科<em class=""keyword"">数学</em>45套（第二集）",http://www.bilibili.com/video/av511348026,19001
11345887,BV1Fx411h7GG,35385456,"【洛天依】达拉崩吧 真·<em class=""keyword"">数学</em>版",http://www.bilibili.com/video/av11345887,943377
511061937,BV1Au411C7Gz,1165909372,"希望下次让我秒懂的是<em class=""keyword"">数学</em>题而不是……",http://www.bilibili.com/video/av511061937,1553740
638774800,BV1cY4y1C7xV,392864773,"<em class=""keyword"">数学</em>通识（选45讲）",http://www.bilibili.com/video/av638774800,2167
768816182,BV1Cr4y187o6,1551497117,"2023考研<em class=""keyword"">数学</em>李永乐线性代数基础班【最新完整版】",http://www.bilibili.com/video/av768816182,5361
468832282,BV1N5411d78y,1290328552,"2023陈剑<em class=""keyword"">数学</em>分册高分指南管综【全程更新】",http://www.bilibili.com/video/av468832282,1140
896254006,BV1LA4y1Q7KH,1050109018,"2023陈剑管理类联考<em class=""keyword"">数学</em>分册管理综合<em class=""keyword"">数学</em>",http://www.bilibili.com/video/av896254006,225
33044356,BV1oW41117JN,546195,"我要成为<em class=""keyword"">数学</em>之王！",http://www.bilibili.com/video/av33044356,5615111
590992620,BV13q4y1d7CW,1711188119,"6:00am｜当我尝试疯狂学<em class=""keyword"">数学</em>后 我上头了",http://www.bilibili.com/video/av590992620,121524
463894157,BV1PL41137r5,513381578,"史上最难的<em class=""keyword"">数学</em>试题",http://www.bilibili.com/video/av463894157,352968
896340768,BV1gA4y1S7mW,524836274,"【费曼物理】欧拉公式，从小学<em class=""keyword"">数学</em>讲起",http://www.bilibili.com/video/av896340768,12446
255867505,BV1dY411A7eY,1020985186,"一笔画出来的<em class=""keyword"">数学</em>定理",http://www.bilibili.com/video/av255867505,1326054
511347781,BV1Su411r7pE,1682319110,"武忠祥强化班—2023考研<em class=""keyword"">数学</em>武忠祥高数强化班+基础班（持续更新）",http://www.bilibili.com/video/av511347781,426
511320998,BV1Cu411r7GV,23205828,"6分钟【柯西不等式】从入门到精通【学完回去碾压高考<em class=""keyword"">数学</em>】",http://www.bilibili.com/video/av511320998,7027
683527435,BV1CS4y1c7kp,1296673269,"2023考研<em class=""keyword"">数学</em>张宇基础30讲",http://www.bilibili.com/video/av683527435,51089
596352079,BV1EB4y127JK,1487464545,"武忠祥基础-2023考研<em class=""keyword"">数学</em>武忠祥高数全程班（基础强化）",http://www.bilibili.com/video/av596352079,6830
256257775,BV15Y411A7Ap,319241272,"（爆肝）2022年5月福州高三<em class=""keyword"">数学</em>质检解析",http://www.bilibili.com/video/av256257775,394
683744201,BV1vU4y1U7TG,1430515572,"116集全网最好玩的STEAM<em class=""keyword"">数学</em>思维启蒙动画《方块熊玩<em class=""keyword"">数学</em>》动画+配套PDF",http://www.bilibili.com/video/av683744201,1623
726273177,BV13S4y1h7zg,379516008,"【夏老师讲模拟卷系列126】详解2022苏锡常镇二模（<em class=""keyword"">数学</em>）",http://www.bilibili.com/video/av726273177,13931
850492035,BV1dL4y1t7aQ,423490412,"【基础先行班】2023届199管理类联考<em class=""keyword"">数学</em>（全程免费）",http://www.bilibili.com/video/av850492035,82877
726312628,BV1sS4y1h7i7,393625370,"［考研］<em class=""keyword"">数学</em>专业考研 生活记录 双非上岸985",http://www.bilibili.com/video/av726312628,2245
596133382,BV1wB4y117SB,441507193,"《当他只有<em class=""keyword"">数学</em>》Teaser — Robin Gan",http://www.bilibili.com/video/av596133382,1692433
