553790769,BV1Yv4y1K7PE,1705432440,"致敬每一位平凡而伟大的<em class=""keyword"">母亲</em>❤",http://www.bilibili.com/video/av553790769,27433
383827383,BV1qZ4y1h7zS,17134369,"<em class=""keyword"">母亲</em>节特供，但是是后妈（后妈茶话会）",http://www.bilibili.com/video/av383827383,272240
213827936,BV1Ca411a7fe,438345816,"这是她<em class=""keyword"">母亲</em>节最好的礼物，盲人<em class=""keyword"">母亲</em>高兴得流泪了。",http://www.bilibili.com/video/av213827936,6100
256275904,BV1gY411A7Rf,8969156,"「小白」2022什么手机值得买：<em class=""keyword"">母亲</em>节专题",http://www.bilibili.com/video/av256275904,131973
375705220,BV1Mo4y117B2,438345816,"盲人<em class=""keyword"">母亲</em>给脑瘫儿子炸香蕉，一句“我走了你只能饿死了”让人心疼。",http://www.bilibili.com/video/av375705220,11731713
468789357,BV1c5411d75p,421083864,"一个会吓到你的<em class=""keyword"">母亲</em>节短片",http://www.bilibili.com/video/av468789357,10381
341368511,BV1ZR4y1w7b1,13887335,"【<em class=""keyword"">母亲</em>节特供】民谣摇滚关于妈妈的十首歌！",http://www.bilibili.com/video/av341368511,2252
256290321,BV1WY411A7Sd,1856916260,"这些<em class=""keyword"">母亲</em>节礼物…一下就…打在我的心巴上……",http://www.bilibili.com/video/av256290321,25269
725650090,BV1pS4y1Y71c,24861065,"今天是第七天了，救救我的<em class=""keyword"">母亲</em>吧！",http://www.bilibili.com/video/av725650090,96180
588563030,BV1dB4y1T7DJ,438345816,"123万硬币给盲人<em class=""keyword"">母亲</em>带来的改变",http://www.bilibili.com/video/av588563030,5948905
548486889,BV1Dq4y1V7wQ,1039973059,"闹钟里听到去世15年<em class=""keyword"">母亲</em>的声音，男子瞬间泪崩。",http://www.bilibili.com/video/av548486889,1005416
894543899,BV18P4y1g7mj,390898500,"韩国高分电影，而且是真实事件改编，几乎带着绝望看完！《<em class=""keyword"">母亲</em>》",http://www.bilibili.com/video/av894543899,1635449
383811272,BV1pZ4y1h7KL,672364432,"【<em class=""keyword"">母亲</em>节规则类怪谈】今天太阳还未升起，我便逝于<em class=""keyword"">母亲</em>怀里",http://www.bilibili.com/video/av383811272,2292
341306654,BV1nR4y1N7wu,37563879,"长相毫不相干的两个人怎么成为一家人的？(<em class=""keyword"">母亲</em>节特辑)",http://www.bilibili.com/video/av341306654,74971
683831895,BV1XU4y1U7C9,383666009,"【好物上手日记】妈见夸，<em class=""keyword"">母亲</em>节宝藏好物沉浸式开箱",http://www.bilibili.com/video/av683831895,42427
242920288,BV16e411s7Qt,438345816,"盲人<em class=""keyword"">母亲</em>一句“谁叫我是他妈妈”让人心疼！",http://www.bilibili.com/video/av242920288,881033
638017749,BV1bY4y1i754,8465957,"瞬间看哭了！85岁<em class=""keyword"">母亲</em>照顾65岁阿尔茨海默病女儿！催泪亲情电影《妈妈！》正式预告",http://www.bilibili.com/video/av638017749,402282
468146815,BV1Q5411U7Bw,350754814,"“我们不能让一个<em class=""keyword"">母亲</em>一天收到三份阵亡通知书”",http://www.bilibili.com/video/av468146815,994089
298775378,BV1dF411T7yt,28374914,"<em class=""keyword"">母亲</em>节送什么礼物？不如亲手做一个表心意吧",http://www.bilibili.com/video/av298775378,11582
341277143,BV13R4y1N71j,164598376,"【<em class=""keyword"">母亲</em>节特辑】四岁那年，我拥有了完整的童年",http://www.bilibili.com/video/av341277143,32096
511277636,BV1Eu411r7W7,1068501708,"明天<em class=""keyword"">母亲</em>节啦！买点水果，买朵鲜花，陪你们唠唠嗑！毕业回到家乡小县城的简单生活。",http://www.bilibili.com/video/av511277636,8706
595797228,BV1QB4y1U7VR,173986740,"《亲爱的小孩》：<em class=""keyword"">母亲</em>与女性必须割席",http://www.bilibili.com/video/av595797228,1020146
676377710,BV1DU4y1u7Fx,94727122,"海贼王：她真的是一位很好很温柔的<em class=""keyword"">母亲</em>啊！",http://www.bilibili.com/video/av676377710,965801
52239278,BV1T4411a776,384298638,"<em class=""keyword"">母亲</em>齐心与习近平有过这样一次通话",http://www.bilibili.com/video/av52239278,1236310
892365813,BV16P4y1n77s,1039973059,"女子吃饭遇阿姨像去世<em class=""keyword"">母亲</em>，思母心切索要拥抱，拥抱过后泣不成声",http://www.bilibili.com/video/av892365813,1104792
932591092,BV1SM4y1V73u,1221249977,"“<em class=""keyword"">母亲</em>给的绝对防御”",http://www.bilibili.com/video/av932591092,1274535
8705185,BV13x411y7jK,43497655,"小伙装死想看看<em class=""keyword"">母亲</em>的反应，最终他后悔了！",http://www.bilibili.com/video/av8705185,2430862
682515483,BV1aU4y1d7Xp,1732839919,"<em class=""keyword"">母亲</em>去世后，男子偶然翻出妈妈做的14瓶番茄酱，随后一幕让人心酸",http://www.bilibili.com/video/av682515483,792334
896337753,BV1uA4y1S75w,20473341,"为什么要听妈妈的话！哼…【<em class=""keyword"">母亲</em>节快乐】",http://www.bilibili.com/video/av896337753,2212
934983582,BV19M4y1c7yU,404194769,"“等<em class=""keyword"">母亲</em>过世，我就脱掉女装，做回男人”",http://www.bilibili.com/video/av934983582,1982739
552518202,BV1Ei4y1k7Wy,478900997,"你拔剑保护<em class=""keyword"">母亲</em>的样子真的很帅",http://www.bilibili.com/video/av552518202,1729219
938846974,BV1pT4y16712,97077404,"女儿举报<em class=""keyword"">母亲</em>，父母双打，山东蓝翔的“溏心风暴”",http://www.bilibili.com/video/av938846974,60702
542189352,BV1Ni4y1E7hJ,608993630,"痛心！初中生教室玩扑克，被<em class=""keyword"">母亲</em>扇耳光后跳楼身亡",http://www.bilibili.com/video/av542189352,6659517
425718633,BV1Y3411n7Yv,284864219,"单身<em class=""keyword"">母亲</em>为了满足自己的欲望，用畸形的母爱抚养儿子！日本病态伦理片《<em class=""keyword"">母亲</em>》",http://www.bilibili.com/video/av425718633,527179
380088191,BV11Z4y1X7oz,545863931,"真实故事改编，一个贫苦的<em class=""keyword"">母亲</em>，养活丈夫和10个孩子，高分亲情片",http://www.bilibili.com/video/av380088191,10915317
511036470,BV1yu411k7Zf,284864219,"内容相当“变态”！极端<em class=""keyword"">母亲</em>割掉了儿子的命根子，韩国病态伦理片《莫比乌斯》",http://www.bilibili.com/video/av511036470,252699
767579343,BV1Vr4y1W7xh,1781737339,"<em class=""keyword"">母亲</em>撑起了一个家，虽然生活很难，但仍然想用微薄之力给予别人一丝温暖#生活#<em class=""keyword"">母亲</em>",http://www.bilibili.com/video/av767579343,860015
510136895,BV1zu411v7jG,480019217,"儿子担心年迈的<em class=""keyword"">母亲</em>，晚上睡在<em class=""keyword"">母亲</em>身边，可是当儿子睡着以后…",http://www.bilibili.com/video/av510136895,749174
933536337,BV13T4y1o7wv,588278127,"<em class=""keyword"">母亲</em>住院，近几日影响更新",http://www.bilibili.com/video/av933536337,532432
210726415,BV1Ea411B7wY,1191876193,"胎儿会在<em class=""keyword"">母亲</em>肚子里拉便便吗？",http://www.bilibili.com/video/av210726415,790053
425469912,BV1x3411J76c,33304364,"“<em class=""keyword"">母亲</em>”  本不该弄成这样的",http://www.bilibili.com/video/av425469912,415731
596264636,BV1kB4y1171t,438345816,"盲人<em class=""keyword"">母亲</em>第一次吃这么贵的鱼，笑得让人也想笑。",http://www.bilibili.com/video/av596264636,36869
