336163017,BV1ER4y1J7hp,451645162,"【收藏向】不懂这些，<em class=""keyword"">跑步</em>受伤粗腿是迟早的事｜保姆级<em class=""keyword"">跑步</em>姿势详解",http://www.bilibili.com/video/av336163017,3345643
297086947,BV17F41147GG,122424774,“开始健身后，才发现彭于晏说的都是真的！”,http://www.bilibili.com/video/av297086947,6366444
631034217,BV1nb4y1d7NS,451645162,"【根治<em class=""keyword"">跑步</em>气喘 】正确呼吸，<em class=""keyword"">跑步</em>距离翻倍｜新手向<em class=""keyword"">跑步</em>入门指南",http://www.bilibili.com/video/av631034217,1420138
96193201,BV1hE411V77S,451645162,"5 分钟拉伸，<em class=""keyword"">跑步</em>前后都能用，养成<em class=""keyword"">跑步</em>好习惯【子章老师<em class=""keyword"">跑步</em>基础课】",http://www.bilibili.com/video/av96193201,2104189
635630901,BV1tb4y1H7AG,672835043,"为什么长期<em class=""keyword"">跑步</em>的人，变瘦了也变老了？",http://www.bilibili.com/video/av635630901,387853
682696421,BV1rS4y1N7Qv,440123856,"B站最全<em class=""keyword"">跑步</em>训练法合集！手把手教你成为大神！",http://www.bilibili.com/video/av682696421,34328
466606986,BV1N5411Z7fJ,9203468,"<em class=""keyword"">跑步</em>令人痛苦，令人着迷",http://www.bilibili.com/video/av466606986,90185
80845703,BV1XJ411Y7V5,11446177,"<em class=""keyword"">跑步</em>的时候戴不戴耳机，完全是两种运动",http://www.bilibili.com/video/av80845703,509120
462761086,BV1RL411475N,451645162,"千万不要天天<em class=""keyword"">跑步</em>，除非你看过这个视频……｜3 个帮助你<em class=""keyword"">跑步</em>不受伤的方法",http://www.bilibili.com/video/av462761086,370786
626156800,BV1Wt4y197YU,451645162,"跑不动，腿太沉？8 分钟干货，提升耐力，跑再远，都不累 | <em class=""keyword"">跑步</em>减肥、不粗腿、少受伤",http://www.bilibili.com/video/av626156800,979090
766426267,BV19r4y1h7bM,433711751,"新手<em class=""keyword"">跑步</em>进阶过程",http://www.bilibili.com/video/av766426267,186397
627758511,BV1yt4y1e7N5,15276235,"节奏点180bpm，视频速度你跑不出来，周杰伦音乐合集，<em class=""keyword"">跑步</em>专用音乐。",http://www.bilibili.com/video/av627758511,406166
638006909,BV1vY4y1i7Vn,451645162,"【vlog】坚持<em class=""keyword"">跑步</em>80天，身体会有怎样的改变｜身材、速度、心态——我的冬训总结",http://www.bilibili.com/video/av638006909,244501
248298449,BV1Av411V7bh,451645162,"想减肥，需要每天跑多少？新手<em class=""keyword"">跑步</em>减肥的 3 个Tips ｜燃脂区间、<em class=""keyword"">跑步</em>姿势、目标制定",http://www.bilibili.com/video/av248298449,512422
424750550,BV1m3411W7gu,20317431,"每天<em class=""keyword"">跑步</em>3公里，坚持下来会有什么收获变化",http://www.bilibili.com/video/av424750550,60170
254064558,BV1hY411V7uy,52878820,"<em class=""keyword"">跑步</em>音乐55分钟【女生～自用+分享】含180bpm节拍器",http://www.bilibili.com/video/av254064558,206598
682221164,BV1CU4y1o7GU,1075150084,"#<em class=""keyword"">跑步</em>治相思",http://www.bilibili.com/video/av682221164,501018
73831550,BV11E411h7TL,473451150,"请不要再用<em class=""keyword"">跑步</em>来减肥了......",http://www.bilibili.com/video/av73831550,920590
758975800,BV1k64y1Q7mJ,1154816771,"“跑慢点，我怕<em class=""keyword"">跑步</em>机顶不住…”",http://www.bilibili.com/video/av758975800,879399
765246197,BV1Hr4y1m7NM,440123856,"【年度伤痛盘点】B站最全<em class=""keyword"">跑步</em>伤痛恢复指南，系统讲解了伤痛的原因、部位与恢复指南！",http://www.bilibili.com/video/av765246197,51975
768324085,BV1Dr4y1H7tP,142664684,"百元内高性价比<em class=""keyword"">跑步</em>训练短袖推荐-nike running系列、迪卡侬系列、参赛服、2XU",http://www.bilibili.com/video/av768324085,54894
290873359,BV1Uf4y1h78K,451645162,"【<em class=""keyword"">跑步</em>必看】晨跑vs夜跑，哪个更好｜晨跑伤身体？夜跑伤阳气？如何正确<em class=""keyword"">跑步</em>",http://www.bilibili.com/video/av290873359,585831
205148581,BV1dh411U7CC,451645162,"【5分钟考前突击】800米1000米轻松高分｜身体黑客 体育考试逆天改命｜体测 体考 体育考试 <em class=""keyword"">跑步</em>",http://www.bilibili.com/video/av205148581,2217201
979745627,BV1X44y1K7Wm,451645162,"<em class=""keyword"">跑步</em>喉咙「血腥味」是怎么回事？如何解决？",http://www.bilibili.com/video/av979745627,1140781
201264810,BV1sz411v7JJ,434378423,"<em class=""keyword"">跑步</em>新手须知！咋没人早告诉我这6点？？？",http://www.bilibili.com/video/av201264810,289451
767806497,BV1Hr4y1s7QE,398238072,跑 步 满 级 人 类,http://www.bilibili.com/video/av767806497,351144
505796762,BV19u411f7Yf,451645162,"【<em class=""keyword"">跑步</em>私教课】手把手教你做<em class=""keyword"">跑步</em>训练计划，轻松提升心肺耐力",http://www.bilibili.com/video/av505796762,154835
540524986,BV1Gi4y1b78U,524061811,"【<em class=""keyword"">跑步</em>姿势】<em class=""keyword"">跑步</em>会瘦腿还是粗腿 | 【干货】必看系列 | 瘦腿瘦全身",http://www.bilibili.com/video/av540524986,325677
541410457,BV15i4y1377r,57173554,1500米还能这样跑 看完视频我的腿已经开始棉了,http://www.bilibili.com/video/av541410457,6551842
718317114,BV1mQ4y1Q7uL,281583561,"<em class=""keyword"">跑步</em>中送髋的奥秘，解决你的“坐着跑”!",http://www.bilibili.com/video/av718317114,145502
674885199,BV1TU4y1E7bY,319522796,"跑不快？跑不远？新手向：轻松又高效的跑姿 | 4点发力技巧 | 零天赋<em class=""keyword"">跑步</em>姿势",http://www.bilibili.com/video/av674885199,509616
21539919,BV1tW411T7Nh,107791539,"怪不得每晚打电话女朋友气喘吁吁说在<em class=""keyword"">跑步</em>，原来是真的啊!",http://www.bilibili.com/video/av21539919,2178621
545946692,BV12q4y1j7pU,574358746,"彭于晏谈为什么要<em class=""keyword"">跑步</em>，这是我听过最有效的激励话语",http://www.bilibili.com/video/av545946692,760540
711987789,BV1QD4y1d7xP,451645162,"新手向 | 正确的<em class=""keyword"">跑步</em>姿势，少受伤，不粗腿，不伤膝盖，帮你越跑越远",http://www.bilibili.com/video/av711987789,860881
457939078,BV1h541157RJ,15276235,"69分钟 步频180bpm长跑马拉松专用<em class=""keyword"">跑步</em>音乐全英文版。",http://www.bilibili.com/video/av457939078,328599
933332917,BV1UT4y1Z72j,319522796,"打开身体跑更快：我是如何成为给国家一级运动员的 | <em class=""keyword"">跑步</em>作弊码：柔韧&amp;协调",http://www.bilibili.com/video/av933332917,1857466
846710093,BV1X54y1n74z,231863413,"谣言粉碎机：<em class=""keyword"">跑步</em>30分钟以上才减脂？新手不配<em class=""keyword"">跑步</em>了？",http://www.bilibili.com/video/av846710093,362470
594638592,BV1Lq4y1i7Ci,2070979269,"收藏起来，当你早上起不来时，可以看看这条。我朋友凌晨三点就起来<em class=""keyword"">跑步</em>了。 谷爱凌  谷爱凌夺冠",http://www.bilibili.com/video/av594638592,100464
764741686,BV1Mr4y1D7du,271459981,"这是我脑海中自己<em class=""keyword"">跑步</em>的样子-227配速了解一下！我就看了几十遍！！！",http://www.bilibili.com/video/av764741686,154495
636866333,BV1Nb4y1x7Vs,1845533729,"<em class=""keyword"">跑步</em>能跑出心脏病的，都是狠人",http://www.bilibili.com/video/av636866333,260259
553280818,BV19i4y1U7nk,20317431,"三步拯救你的<em class=""keyword"">跑步</em>呼吸 告别气喘吁吁 跑得更轻松 <em class=""keyword"">跑步</em>入门",http://www.bilibili.com/video/av553280818,27607
766361194,BV1er4y1h7gf,451645162,"脚跟？前掌？正确的<em class=""keyword"">跑步</em>如何落地？｜4种<em class=""keyword"">跑步</em>落地方式盘点",http://www.bilibili.com/video/av766361194,172323
